bvid,title,platform,author_name,author_id,author_url,source_url,source_video_id,bili_published_at,note
BV15Pbj6yEKg,【小视频】126-减脂只是为了多吃,douyin,小山坡,MS4wLjABAAAAZYjMEsnl3xNTkMt-BeT6xJz6YHtZh4HX-G77FyJ2EbZjEZOyHBMe-xkkQffsz2xK,https://www.douyin.com/user/MS4wLjABAAAAZYjMEsnl3xNTkMt-BeT6xJz6YHtZh4HX-G77FyJ2EbZjEZOyHBMe-xkkQffsz2xK,https://v.douyin.com/Ou--3FzQeWs/,7681665368289533561,2026-09-05,
BV1vcbj6mEfk,【小视频】125-遇到事情先拍抖音,douyin,JACKSON_13,MS4wLjABAAAA8hpO00UQW578xMdNU3ymSAHeaYL7m_2LlpgrX7rzGWs,https://www.douyin.com/user/MS4wLjABAAAA8hpO00UQW578xMdNU3ymSAHeaYL7m_2LlpgrX7rzGWs,https://v.douyin.com/30402ZFsCK0/,7659273468903555569,2026-09-05,
BV1Yubj6GELK,【小视频】123-重情重义的兄弟变恋人,douyin,,,,https://v.douyin.com/HQtGtlUmIQc/,,2026-09-05,parse失败 404
BV1Y5t264EhF,【小视频】122-你的嫉妒让我好爽,douyin,fangyong,MS4wLjABAAAAAojCIcKX5qR1QIFUL4u4jr3fax28xDNmG-pG3cwCN8M,https://www.douyin.com/user/MS4wLjABAAAAAojCIcKX5qR1QIFUL4u4jr3fax28xDNmG-pG3cwCN8M,https://v.douyin.com/BibUOKI5DpM/,7673379789030176357,2026-09-05,
BV1x8t26jEGg,【小视频】121-孤独怎么会是惩罚,douyin,小昊子,MS4wLjABAAAAPYjdgXIf5xkbhMmlsVkieGhEOoYVh2dpBVmZvEpshlQ,https://www.douyin.com/user/MS4wLjABAAAAPYjdgXIf5xkbhMmlsVkieGhEOoYVh2dpBVmZvEpshlQ,https://v.douyin.com/8vmCRDtT_ww/,7680512405751977385,2026-09-05,
BV12utm6SEVM,【小视频】120-韦博腹肌训练两组就有效,douyin,韦博,MS4wLjABAAAAt6aqort10TeePVPvZySkYKHBmT1aZYYDG6uk9PLzbg8,https://www.douyin.com/user/MS4wLjABAAAAt6aqort10TeePVPvZySkYKHBmT1aZYYDG6uk9PLzbg8,https://v.douyin.com/F_2tFlqKnck/,7681631133549860544,2026-09-05,
BV1aTtk61Eoi,【小视频】118-肌肉线条健身穿搭,douyin,裤里男,MS4wLjABAAAApRE_zvtL44HHVtjgNGWz0R-VghL8uWzd_b5200ipTbuHEHfZlw7BaTVQpI2ANVFw,https://www.douyin.com/user/MS4wLjABAAAApRE_zvtL44HHVtjgNGWz0R-VghL8uWzd_b5200ipTbuHEHfZlw7BaTVQpI2ANVFw,https://v.douyin.com/EFcPse7rA58/,7668647374906614441,2026-09-05,
BV1Lrtk6pEUP,【小视频】117-康复训练day1腹肌,douyin,,,,https://v.douyin.com/AkdwRHngkAo/,,2026-09-05,parse失败 404
BV1Bat66DEtf,【小视频】116-eric终于找到发力感觉,douyin,eric,MS4wLjABAAAAH2WJW_N_KE5zC0WrD1ZokqvDE_DBUQuTQSArGWTsjf_vEY8pSxV5YyEPH6Bdcn8m,https://www.douyin.com/user/MS4wLjABAAAAH2WJW_N_KE5zC0WrD1ZokqvDE_DBUQuTQSArGWTsjf_vEY8pSxV5YyEPH6Bdcn8m,https://v.douyin.com/37myv2htkH4/,7681654237638978213,2026-09-04,
BV1Pwtr6cEBc,【小视频】115-路上碰到的性感男人,douyin,关你西红柿,MS4wLjABAAAAMQCM-fnLw9p8Ri-aT6kAmR304Cs_-34T8cazNgB_oG24FqKfkf5slcFTabm-cbnw,https://www.douyin.com/user/MS4wLjABAAAAMQCM-fnLw9p8Ri-aT6kAmR304Cs_-34T8cazNgB_oG24FqKfkf5slcFTabm-cbnw,https://v.douyin.com/rqLP2p6D-UY/,7681291627700423907,2026-09-04,
BV1Kft66AEne,【小视频】114-男大学生穿搭依旧老样子,douyin,,,,https://v.douyin.com/6y6PsCz5kYM/,,2026-09-04,parse失败 404
BV1bXt66TEUt,【小视频】111-有人要试试吗,x,大D少年,1437438376341245956,https://x.com/big_diao2002,https://x.com/big_diao2002/status/2095538258272759855,2095538258272759855,2026-09-04,
BV19qtL6gEcH,【小视频】104-黑皮体育生肩宽腰窄,douyin,练完就去吃炸鸡🍗,MS4wLjABAAAAG1-_LcCQi1Ut6TxWF6dZ-GNSDyYYU2BZRtAMubhsgzV40qRilj8K-RdsSTlrJn9V,https://www.douyin.com/user/MS4wLjABAAAAG1-_LcCQi1Ut6TxWF6dZ-GNSDyYYU2BZRtAMubhsgzV40qRilj8K-RdsSTlrJn9V,https://v.douyin.com/TsJp7hCWetk/,7674586391250415354,2026-09-02,
BV19qtL6gEnt,【小视频】103-好好恰饭,douyin,艺术品,MS4wLjABAAAA4V5PTzdGFbQkcPfOWeEMoYaHUG4v62y9dD3Pi-6V66-zI1RCWFO6UPoHdWfq1T0e,https://www.douyin.com/user/MS4wLjABAAAA4V5PTzdGFbQkcPfOWeEMoYaHUG4v62y9dD3Pi-6V66-zI1RCWFO6UPoHdWfq1T0e,https://v.douyin.com/JTezZTvvGr8/,7669530012115079528,2026-09-02,
BV1CjtL6RE44,【小视频】102-甜妹帅哥你爱了吗,douyin,可爱的18,MS4wLjABAAAAgC_NXROSl_4AzVzkXCWuqM6uVtJnP8H3BT01hxcVZ0gX_rBdOn_0lylHzBbmizFy,https://www.douyin.com/user/MS4wLjABAAAAgC_NXROSl_4AzVzkXCWuqM6uVtJnP8H3BT01hxcVZ0gX_rBdOn_0lylHzBbmizFy,https://v.douyin.com/63h4ez0-ks4/,7680231432531213775,2026-09-01,
BV1yBtD64EC2,【小视频】100-好大儿深夜接站,douyin,哇桃,MS4wLjABAAAAVJAF4Pl9t7yrHOaBSTTKx6lZp5lQuDgPMWXpztAdx6Q,https://www.douyin.com/user/MS4wLjABAAAAVJAF4Pl9t7yrHOaBSTTKx6lZp5lQuDgPMWXpztAdx6Q,https://v.douyin.com/4BR4Pq4Nc5I/,7677262945089204578,2026-09-02,
BV1Pct86cE5A,【小视频】099-185笨蛋帅哥,douyin,宵小,MS4wLjABAAAA6f5oFF31lQxB-NU3Kk9MCmSMjua9-NBUFh7C6YW8zFg,https://www.douyin.com/user/MS4wLjABAAAA6f5oFF31lQxB-NU3Kk9MCmSMjua9-NBUFh7C6YW8zFg,https://v.douyin.com/jhuL3M_DOPs/,7169592538892930315,2026-08-31,
BV1ueta67E96,【小视频】098-07体育生薄肌,douyin,老婆今晚一起睡吧,MS4wLjABAAAAyzWf7N1sDra2xpYejvrtxMYg59S8NHI7Hszdyop1Gf8,https://www.douyin.com/user/MS4wLjABAAAAyzWf7N1sDra2xpYejvrtxMYg59S8NHI7Hszdyop1Gf8,https://v.douyin.com/KXJXIwUFMXc/,7676985577790835697,2026-08-31,
BV1NbtW6UEJ7,【小视频】097-深圳水球队全是帅哥,youtube,Hot Athletes,UCNCRRSEZtuNq0MWQ-N_sDHQ,https://www.youtube.com/@HotChineseAthletes,https://youtube.com/shorts/D3SIJ4i0OfE,D3SIJ4i0OfE,2026-08-30,
BV1nXtn6vEx7,【小视频】096-文案你来,douyin,古希腊掌管弟弟的神,MS4wLjABAAAAlxoDWp-PN5m9keAUTBzD8cdmxxhu-AxbrY1n0Em5LjOjJmmp5_EJU7n7-j5iBlN4,https://www.douyin.com/user/MS4wLjABAAAAlxoDWp-PN5m9keAUTBzD8cdmxxhu-AxbrY1n0Em5LjOjJmmp5_EJU7n7-j5iBlN4,https://v.douyin.com/OqAME5avgKU/,7661597647895930597,2026-08-30,
BV1bitn6jEAb,【小视频】095-卷卷警官吃不吃,douyin,蒙奇奇,MS4wLjABAAAANq6tT8ZuIGaUMTW_CR1K4jgr2D_JhN3FEvdvgSfZtk_-o6iChOqtXTTFzF9UiXBB,https://www.douyin.com/user/MS4wLjABAAAANq6tT8ZuIGaUMTW_CR1K4jgr2D_JhN3FEvdvgSfZtk_-o6iChOqtXTTFzF9UiXBB,https://v.douyin.com/6q3lrH5QQ30/,7679795218308902129,2026-08-30,
BV1KCtn6kE4Q,【小视频】094-我先入秋咯,douyin,不是智焕,MS4wLjABAAAAtky_Eb8vAEMRiQfi6Ck2MtoUmdkeYZoPgRQ_KHWABaF8KEH3NunvM8cyYEhq5Tqo,https://www.douyin.com/user/MS4wLjABAAAAtky_Eb8vAEMRiQfi6Ck2MtoUmdkeYZoPgRQ_KHWABaF8KEH3NunvM8cyYEhq5Tqo,https://v.douyin.com/EzN77OuWghQ/,7676450020736055419,2026-08-30,
BV1sCtn6rEoh,【小视频】093-185排球少年怎么打招呼,douyin,诶马（今天休息版）,MS4wLjABAAAAuY0wwAhRG1Q7XHV6HRO7aOaNB805wenxDGguUrJVz7s,https://www.douyin.com/user/MS4wLjABAAAAuY0wwAhRG1Q7XHV6HRO7aOaNB805wenxDGguUrJVz7s,https://v.douyin.com/CRaoBfHuITQ/,7653376073979650683,2026-08-30,
BV1BE4U6BEg8,【小视频】092-宝藏男孩,douyin,宝藏联萌,MS4wLjABAAAAU3LHZfSpnM87mG3RTEtVUz-sGi0YEeRIk-q_gqLl9rdCyY3U2MSXPA9exKDdPisd,https://www.douyin.com/user/MS4wLjABAAAAU3LHZfSpnM87mG3RTEtVUz-sGi0YEeRIk-q_gqLl9rdCyY3U2MSXPA9exKDdPisd,https://v.douyin.com/amk0ISbTK6g/,7679360310327172580,2026-08-29,
BV1iW4U6NE2m,【小视频】091-小小阑尾炎拿下,douyin,段体次次出80,MS4wLjABAAAA16TX-suxbwt5lJjE9kxNjOnAED-PL7awN2oyQZ0Ig-FFZNfBLx6fcEdY6oyIP_I_,https://www.douyin.com/user/MS4wLjABAAAA16TX-suxbwt5lJjE9kxNjOnAED-PL7awN2oyQZ0Ig-FFZNfBLx6fcEdY6oyIP_I_,https://v.douyin.com/efEVwqvAgCQ/,7679339949423221098,2026-08-29,
BV1z5426YEjh,【小视频】090-两个人都很享受,x,笨蛋帅哥,1393135421643628547,https://x.com/lumingfei666888,https://x.com/lumingfei666888/status/2093647546967343307,2093647546967343307,2026-08-29,
BV1Cv466REEd,【小视频】089-蜘蛛侠拍摄花絮,douyin,哥哥的相机,MS4wLjABAAAAe3AvysWc1NxaK_5xR53UdvJX_NE1ncfx1HBvi3n9Brr9sbAjnIRGQNXDEOo_1Gog,https://www.douyin.com/user/MS4wLjABAAAAe3AvysWc1NxaK_5xR53UdvJX_NE1ncfx1HBvi3n9Brr9sbAjnIRGQNXDEOo_1Gog,https://v.douyin.com/io0vForflsw/,7672280926861451667,2026-08-29,
BV1wq466sEbq,【小视频】088-李子羽少年感回归,douyin,浪里看客Aqua,MS4wLjABAAAAk_LFQO7fFmzIiMoVBSqACCviguU9EVrv4_BWZxxl9qtJVNMRR0Fx6VNAy-7hHkBw,https://www.douyin.com/user/MS4wLjABAAAAk_LFQO7fFmzIiMoVBSqACCviguU9EVrv4_BWZxxl9qtJVNMRR0Fx6VNAy-7hHkBw,https://v.douyin.com/Jr8jPuePA7k/,7673168401163235249,2026-08-29,
BV1B4tP6EEd6,【小视频】087-跳水运动员两幅面孔,douyin,爱跳水的皮皮,MS4wLjABAAAAl3CjisLWPgkob5fOkPq5yUTNMv2z2UBmiHSxMiImkak,https://www.douyin.com/user/MS4wLjABAAAAl3CjisLWPgkob5fOkPq5yUTNMv2z2UBmiHSxMiImkak,https://v.douyin.com/Z2R6-TNa9ik/,7679059433981751924,2026-08-28,
BV1z4tP6EEto,【小视频】086-男人看了都喜欢,douyin,教练我不服输,MS4wLjABAAAAfW2Dw3LSVo1BBcioU00gIWwJH4au4jjhM76Q74nRbgfxDNGiKzPRRLngSDo_OoFx,https://www.douyin.com/user/MS4wLjABAAAAfW2Dw3LSVo1BBcioU00gIWwJH4au4jjhM76Q74nRbgfxDNGiKzPRRLngSDo_OoFx,https://v.douyin.com/CLUOlqXrql8/,7672624677713916923,2026-08-28,
BV17ttP6mEu8,【小视频】085-迎着光做最自由的自己,douyin,肖博誉.,MS4wLjABAAAAvPE30Fvh6YdB2jzwYobXv8zextGl9gCd8EuL1JWmv4qRWgzFIjognkw7u1Z-_QRe,https://www.douyin.com/user/MS4wLjABAAAAvPE30Fvh6YdB2jzwYobXv8zextGl9gCd8EuL1JWmv4qRWgzFIjognkw7u1Z-_QRe,https://v.douyin.com/3qRSJgglIWI/,7665321404112466597,2026-08-28,
BV17ttP6mE66,【小视频】084-喜欢帅的本色出演,douyin,ttz,MS4wLjABAAAA0rgWlfbgq0nJlI31_dUjvTUIgsPmnnvjK-LXicGtyhw,https://www.douyin.com/user/MS4wLjABAAAA0rgWlfbgq0nJlI31_dUjvTUIgsPmnnvjK-LXicGtyhw,https://v.douyin.com/Kvnr3By78Ok/,7646001597072176057,2026-08-28,
BV1Lbtw6uE6m,【小视频】083-咳嗽药手势舞,douyin,梁竣雄Eric,MS4wLjABAAAAwUjNyHwjQH-F63fiXosWBoXyUzrdYxWRJU8HRJ7lqmE,https://www.douyin.com/user/MS4wLjABAAAAwUjNyHwjQH-F63fiXosWBoXyUzrdYxWRJU8HRJ7lqmE,https://v.douyin.com/DQME5R7-09U/,7661279296859183098,2026-08-28,
BV1FU4d6cE3v,【小视频】082-宽肩窄腰感觉良好,douyin,派大星是笨蛋,MS4wLjABAAAA-RhXK3nXiXsrMSyuRXbvKD33VJRrZ4Yqt_RgXN12_jQ,https://www.douyin.com/user/MS4wLjABAAAA-RhXK3nXiXsrMSyuRXbvKD33VJRrZ4Yqt_RgXN12_jQ,https://v.douyin.com/G0DydhYaHxc/,7669311299293294248,2026-08-27,
BV1Dt4d61EG9,【小视频】081-驯服四肢不协调,douyin,飞天小象.,MS4wLjABAAAAO_yiG7AOkmtm_rfhDZQ6TTYNm1qExtS4B86cg1lOcZ8,https://www.douyin.com/user/MS4wLjABAAAAO_yiG7AOkmtm_rfhDZQ6TTYNm1qExtS4B86cg1lOcZ8,https://v.douyin.com/-DSP8Caoi3g/,7678329658752186075,2026-08-27,
BV1S34o6LECU,【小视频】080-打败敌人要说对不起,douyin,飞天小象.,MS4wLjABAAAAO_yiG7AOkmtm_rfhDZQ6TTYNm1qExtS4B86cg1lOcZ8,https://www.douyin.com/user/MS4wLjABAAAAO_yiG7AOkmtm_rfhDZQ6TTYNm1qExtS4B86cg1lOcZ8,https://v.douyin.com/6Q5LNPK6Mco/,7649045806188063177,2026-08-27,
BV1zh4o6aESA,【小视频】079-清纯氛围男大,douyin,交出乾来,MS4wLjABAAAAW9tVX5RB7DA3tvgxjOPlgcPrHb7251Ro_a12Esyjemc,https://www.douyin.com/user/MS4wLjABAAAAW9tVX5RB7DA3tvgxjOPlgcPrHb7251Ro_a12Esyjemc,https://v.douyin.com/yd6IbNwBlVU/,7678683703258672246,2026-08-27,
BV1rkhc6HEnR,【小视频】078-今日穿搭分享,douyin,溜走了,MS4wLjABAAAAM8Wrdn28B5rVAKoBbsiqimuHUh6woFtqkPuCkKv2pWxjqNPF8qUcHahS4FFgDdFo,https://www.douyin.com/user/MS4wLjABAAAAM8Wrdn28B5rVAKoBbsiqimuHUh6woFtqkPuCkKv2pWxjqNPF8qUcHahS4FFgDdFo,https://v.douyin.com/eA6PRLAo7XA/,7677473302293990833,2026-08-27,
BV1JChc6DELk,【小视频】077-开学前的手势舞,douyin,不可以o,MS4wLjABAAAA0N6-wm1hJNTIKvgecZ-C80Y73Sxzkq97xCriCSHtyds,https://www.douyin.com/user/MS4wLjABAAAA0N6-wm1hJNTIKvgecZ-C80Y73Sxzkq97xCriCSHtyds,https://v.douyin.com/JyBdRpzxFkY/,7677921283254202024,2026-08-27,
BV1JChc6DEn8,【小视频】076-喜欢小猫不meow,douyin,cheese1122,MS4wLjABAAAARuJynl84ZyrzeRMIqX-0ResoplCSDFG9mXA4AtFpzEq9lcwUb0FVdDJTBX-jIAtb,https://www.douyin.com/user/MS4wLjABAAAARuJynl84ZyrzeRMIqX-0ResoplCSDFG9mXA4AtFpzEq9lcwUb0FVdDJTBX-jIAtb,https://v.douyin.com/aNRDB66wDsI/,7678290731199948465,2026-08-27,
BV1218Z6QEx8,【小视频】075-像个新手阿德摇,douyin,inin,MS4wLjABAAAAsPB48WB1B66_gMChspo5yxU8VvpuU9SOlc0NXBVjvmo,https://www.douyin.com/user/MS4wLjABAAAAsPB48WB1B66_gMChspo5yxU8VvpuU9SOlc0NXBVjvmo,https://v.douyin.com/T1mCwyvsSck/,7678292781316174474,2026-08-27,
BV1gD8R6QEyZ,【小视频】074-眼镜过来一下,x,Atom,1401211869939961861,https://x.com/Atom59069733,https://x.com/Atom59069733/status/2092199152193302979,2092199152193302979,2026-08-26,
BV1c98d6zEar,【小视频】073-AI还是真人你猜,douyin,！。，,MS4wLjABAAAAvNq-kp05lyGslJwp1FP7Hs9YImqwsiekHiCBWwEDS_GQL6KzBRMWTPiodBcXHOia,https://www.douyin.com/user/MS4wLjABAAAAvNq-kp05lyGslJwp1FP7Hs9YImqwsiekHiCBWwEDS_GQL6KzBRMWTPiodBcXHOia,https://v.douyin.com/JjZO3CNpcSI/,7678229371471072547,2026-08-26,
BV1kS8d63EgL,【小视频】072-少男心事,douyin,小猪头i,MS4wLjABAAAAJlgfDSJ5Eg3Epsih6S0M2lRWM3yrIbesm42evnM2mB1GpMWHK3trjmH64Tf4JCIc,https://www.douyin.com/user/MS4wLjABAAAAJlgfDSJ5Eg3Epsih6S0M2lRWM3yrIbesm42evnM2mB1GpMWHK3trjmH64Tf4JCIc,https://www.iesdouyin.com/share/note/7677874624767750779/,7677874624767750779,2026-08-26,
BV1d58Q6UE5v,【小视频】071-心一如昨日般贴近,douyin,lidio,MS4wLjABAAAAeldBhkk2bTWBramECzIB9DMPG5doN5ZuKL2zIxmofoS3BKvxTMLmIU91rHBli_mz,https://www.douyin.com/user/MS4wLjABAAAAeldBhkk2bTWBramECzIB9DMPG5doN5ZuKL2zIxmofoS3BKvxTMLmIU91rHBli_mz,https://v.douyin.com/G0_tI0JZs_A/,7678004642996326025,2026-08-26,
BV1TY8Q6qEp9,【小视频】070-落单被抓怎么撤离,douyin,难坷易懵,MS4wLjABAAAATeJsdDNktSn8L95Jr4ZrSKkDPbay91lm4weZIe2QvnooIIewjzPn3IvFYhHjOWlu,https://www.douyin.com/user/MS4wLjABAAAATeJsdDNktSn8L95Jr4ZrSKkDPbay91lm4weZIe2QvnooIIewjzPn3IvFYhHjOWlu,https://v.douyin.com/XXz4yUqS1cg/,7677901986242748627,2026-08-26,
BV18mhV6iEgu,【小视频】069-跳水少年的10米台倒立,douyin,浪里看客Aqua,MS4wLjABAAAAk_LFQO7fFmzIiMoVBSqACCviguU9EVrv4_BWZxxl9qtJVNMRR0Fx6VNAy-7hHkBw,https://www.douyin.com/user/MS4wLjABAAAAk_LFQO7fFmzIiMoVBSqACCviguU9EVrv4_BWZxxl9qtJVNMRR0Fx6VNAy-7hHkBw,https://v.douyin.com/b7zqOG-z89c/,7677937818555247609,2026-08-25,
BV1uShV6KEAc,【小视频】068-馋一天了终于吃到了,douyin,,,,https://v.douyin.com/3iBk4Sq4oII/,,2026-08-25,parse失败 404
BV1bShV6NEnp,【小视频】067-随拍拍拍,douyin,窝窝,MS4wLjABAAAAHxVcMYlY5Jd7pF-CqZrYTxh4lDXsbYKEKAbfqIPMmBc,https://www.douyin.com/user/MS4wLjABAAAAHxVcMYlY5Jd7pF-CqZrYTxh4lDXsbYKEKAbfqIPMmBc,https://v.douyin.com/v-ar6WlXVfc/,7677546968340861108,2026-08-25,
BV14DhV6eEQ2,【小视频】066-猜着你的心手势舞,douyin,,,,https://v.douyin.com/BvSz5FO9CYw/,,2026-08-25,parse失败 404
BV15Eh56LE5E,【小视频】065-训练完的松弛感,douyin,,,,https://v.douyin.com/Y5DmaRuLGc4/,,2026-08-25,parse失败 404
BV1bahN6yEe5,【小视频】063-理科生坠入爱河,x,南知意,1392471033521840132,https://x.com/o88oio,https://x.com/o88oio/status/2091801744363925742,2091801744363925742,2026-08-24,
BV1r2hA64Eg9,【小视频】061-警犬布丁地铁初体验,douyin,警犬布丁,MS4wLjABAAAAn-MjQQQHm8ALCHM8-IHQi1zbphZRXsyCBo6JEiPdbdK_KWh9ptryjqiZIgrDnppD,https://www.douyin.com/user/MS4wLjABAAAAn-MjQQQHm8ALCHM8-IHQi1zbphZRXsyCBo6JEiPdbdK_KWh9ptryjqiZIgrDnppD,https://v.douyin.com/Q8psInmoSEE/,7667887427431755177,2026-08-24,
BV1J4886wERD,【小视频】060-胆子肥嘟嘟的薄肌人夫,douyin,,,,https://v.douyin.com/uJb3KDxigBs/,,2026-08-23,parse失败 404
BV1aH8b61EAh,【小视频】059-喜欢勒人,douyin,希望啊,MS4wLjABAAAAq7fLuud-SXSVfKYK7Y5ECytuiNxLy3LIfI8No6yHITY,https://www.douyin.com/user/MS4wLjABAAAAq7fLuud-SXSVfKYK7Y5ECytuiNxLy3LIfI8No6yHITY,https://v.douyin.com/2HcijIajIWM/,7677144737338018472,2026-08-23,
BV18W8b65EUc,【小视频】058-帅哥你是本国人吗,douyin,差不多先生,MS4wLjABAAAAv_0wL9nLmhoqByFs0t8F4B6CNeMeI_8zAdyuiTSHj24,https://www.douyin.com/user/MS4wLjABAAAAv_0wL9nLmhoqByFs0t8F4B6CNeMeI_8zAdyuiTSHj24,https://v.douyin.com/BJC1dngvbbo/,7677066950409714533,2026-08-23,
BV1sD8x6FEeb,【小视频】057-我的笑容值多少钱,douyin,利澳锎,MS4wLjABAAAAP5CnXmDRayqP37Kjwp5vIZDJENtMLluTzFagJPjYCOPe_pYJIeeCDLoA-Am-Xcm0,https://www.douyin.com/user/MS4wLjABAAAAP5CnXmDRayqP37Kjwp5vIZDJENtMLluTzFagJPjYCOPe_pYJIeeCDLoA-Am-Xcm0,https://www.iesdouyin.com/share/note/7676813149257626469/,7676813149257626469,2026-08-23,
BV11S8x6fEGq,【小视频】056-人生苦短知己难求,douyin,Bting,MS4wLjABAAAAlxeQbfG-6TF5ZTmq_573Ew5jaeY6_R4kEIbVASafR5kwi-hdAvWibmHRjxHATKgW,https://www.douyin.com/user/MS4wLjABAAAAlxeQbfG-6TF5ZTmq_573Ew5jaeY6_R4kEIbVASafR5kwi-hdAvWibmHRjxHATKgW,https://v.douyin.com/r5i6l5lmXjA/,7652286531261300898,2026-08-23,
BV1aV8s6vEHj,【小视频】055-可不可以给我你的微信,douyin,Fang,MS4wLjABAAAAzd4w7duHnutojgAyarIk27HoNtQDTL2OKMCFsQKxNHYG8RWD8C6ONCgQAf5EaejF,https://www.douyin.com/user/MS4wLjABAAAAzd4w7duHnutojgAyarIk27HoNtQDTL2OKMCFsQKxNHYG8RWD8C6ONCgQAf5EaejF,https://v.douyin.com/AijTYyplX_0/,7676872526358673572,2026-08-23,
BV1U7bN6TE37,【小视频】131-15岁少年气满满,douyin,浪里看客Aqua,MS4wLjABAAAAk_LFQO7fFmzIiMoVBSqACCviguU9EVrv4_BWZxxl9qtJVNMRR0Fx6VNAy-7hHkBw,https://www.douyin.com/user/MS4wLjABAAAAk_LFQO7fFmzIiMoVBSqACCviguU9EVrv4_BWZxxl9qtJVNMRR0Fx6VNAy-7hHkBw,https://v.douyin.com/uUJyS_HPXdg/,7682771178575405285,2026-09-07,
BV11Yb36nEU7,【小视频】132-猛男睡姿之100种姿势,douyin,,,,https://v.douyin.com/9zfYD9eJfag/,,2026-09-08,parse失败 404
BV1LAYn6qEZ1,【小视频】133-夏日阳光少年感,x,海川一屿,2031473323306266626,https://x.com/iKateCloud,https://x.com/iKateCloud/status/2097275588671361381,2097275588671361381,2026-09-08,
BV1c8YE63Eri,【小视频】134-会变好的,douyin,布洛芬儿,MS4wLjABAAAAAaZ2OzphCfaiOJY4vuAj0BEnmT0RpnLq-hAWB5Q1PTA,https://www.douyin.com/user/MS4wLjABAAAAAaZ2OzphCfaiOJY4vuAj0BEnmT0RpnLq-hAWB5Q1PTA,https://v.douyin.com/8lqDC_IPoHU/,7676843068536478181,2026-09-09,
BV1V5Ys61ECc,【小视频】130-这曲线不科学,x,RY3AQUEENA RE1GNS SUPREME (rh℮aa),1305230186800197635,https://x.com/srirachagod77,https://x.com/srirachagod77/status/2070630077990121665,2070630077990121665,2026-09-09,
BV1NaYs6PEdq,【小视频】135-军训小野猫,douyin,云木✌️晓航,MS4wLjABAAAAwr7ezkmWaOm3aMS4iGI6ZIW2zJFtBwpBLSKk8vt05S3ZhIEfuLps3FY2T68Zwpyh,https://www.douyin.com/user/MS4wLjABAAAAwr7ezkmWaOm3aMS4iGI6ZIW2zJFtBwpBLSKk8vt05S3ZhIEfuLps3FY2T68Zwpyh,https://v.douyin.com/gfLkDR3f0Uk/,7682759457546715215,2026-09-09,
BV1K8Ys6vE6Z,【小视频】135-军训小野猫,douyin,云木✌️晓航,MS4wLjABAAAAwr7ezkmWaOm3aMS4iGI6ZIW2zJFtBwpBLSKk8vt05S3ZhIEfuLps3FY2T68Zwpyh,https://www.douyin.com/user/MS4wLjABAAAAwr7ezkmWaOm3aMS4iGI6ZIW2zJFtBwpBLSKk8vt05S3ZhIEfuLps3FY2T68Zwpyh,https://v.douyin.com/gfLkDR3f0Uk/,7682759457546715215,2026-09-09,
BV1QNYt6EE41,【小视频】136-跳水运动员的身材也太犯规了,youtube,Samuel Dang,UCNMJK85HX8PlMxl08krVTGg,https://www.youtube.com/@samueldang94,https://youtube.com/shorts/Qj_07IaezfM,Qj_07IaezfM,2026-09-09,
BV1FLYg6SE64,【小视频】137-永远怀恋大兴安岭的秋天,douyin,,,,https://v.douyin.com/Ez-i0I4Pwio/,,2026-09-10,异常 Expecting value: line 1 column 1 (char 0)
BV1c5Yg6JEmi,【小视频】138-中国台北男排温逸凱,douyin,zzz,MS4wLjABAAAAMVwQifwHFkgUPKtObIo8wEAF_loOK2NTEqEFwJCZKQeTPk-zP55AC-4OGoSY2rIG,https://www.douyin.com/user/MS4wLjABAAAAMVwQifwHFkgUPKtObIo8wEAF_loOK2NTEqEFwJCZKQeTPk-zP55AC-4OGoSY2rIG,https://v.douyin.com/mDuEntomViI/,7683802246244869489,2026-09-10,
BV1YSYu6iEis,【小视频】139-夏天悄悄过去,x,Mason Ki,1445044028408401923,https://x.com/mason10612103,https://x.com/mason10612103/status/2097908653932048441,2097908653932048441,2026-09-10,
BV1GSYu6iE43,【小视频】140-篮球明星的可爱笑容,x,ชอบหมดไม่สนลูกใคร,1183007864136142848,https://x.com/cream_zxc,https://x.com/cream_zxc/status/2095512242095902722,2095512242095902722,2026-09-10,
BV1D5Yu68EjH,【小视频】141-我什么都没看见我发誓,x,레이⋆⭒˚.⋆🎐,1369468620149981185,https://x.com/sparkling_yu,https://x.com/sparkling_yu/status/2097681327411896327,2097681327411896327,2026-09-10,
BV119Y56MEff,【小视频】142-70岁老爷爷剪的美式前刺,douyin,,,,https://v.douyin.com/7683773876648869235,,2026-09-11,parse失败 400
BV1fXY76iEJy,【小视频】143-周末快乐小生活,douyin,难坷易懵,MS4wLjABAAAATeJsdDNktSn8L95Jr4ZrSKkDPbay91lm4weZIe2QvnooIIewjzPn3IvFYhHjOWlu,https://www.douyin.com/user/MS4wLjABAAAATeJsdDNktSn8L95Jr4ZrSKkDPbay91lm4weZIe2QvnooIIewjzPn3IvFYhHjOWlu,https://v.douyin.com/2-xYjh1hPHY/,7682353416722591211,2026-09-11,
BV1q5Y76aEbp,【小视频】144-体育生就是放得开,douyin,周韩小宇,MS4wLjABAAAAyN6rCdOM2VGquSmbygKI1ljOgtNsKb2Lsbk0jP_MU7eezDVrUIXJ4Kvn0nBTEqBB,https://www.douyin.com/user/MS4wLjABAAAAyN6rCdOM2VGquSmbygKI1ljOgtNsKb2Lsbk0jP_MU7eezDVrUIXJ4Kvn0nBTEqBB,https://v.douyin.com/GSDMqEZFJA4/,7684220777525511921,2026-09-11,
BV1cQYQ6KEay,【小视频】145-看腿时间到,douyin,jaemin,MS4wLjABAAAAdRFTe2DKlQ9GhhVJIOS12jiVFxUBae5fTbP4caRSRYyqbvHi2fU9AFN5mtpu0kE8,https://www.douyin.com/user/MS4wLjABAAAAdRFTe2DKlQ9GhhVJIOS12jiVFxUBae5fTbP4caRSRYyqbvHi2fU9AFN5mtpu0kE8,https://v.douyin.com/d1sdCBtQr4w/,7682781448050568403,2026-09-12,
BV1cGY966EdA,【小视频】146-今天哄水瓶,douyin,老清xy-,MS4wLjABAAAAhiRQPswVwXUjFwqljhaYygPtL03myqH73MsOenwwG9j_kUTZSPDpLpHKyPyhEklD,https://www.douyin.com/user/MS4wLjABAAAAhiRQPswVwXUjFwqljhaYygPtL03myqH73MsOenwwG9j_kUTZSPDpLpHKyPyhEklD,https://v.douyin.com/-noCfcCAaMM/,7684257048096581988,2026-09-12,
BV1TEYX62Epx,【小视频】147-排球少年的睫毛弯弯,douyin,瑟瑟发抖,MS4wLjABAAAAGZxNwUKj6JfQlwOoM1GDCQTRC9BRqX7TXDeOcEYRoUc,https://www.douyin.com/user/MS4wLjABAAAAGZxNwUKj6JfQlwOoM1GDCQTRC9BRqX7TXDeOcEYRoUc,https://v.douyin.com/a58YKl9Ho_8/,7601891423755729289,2026-09-12,
BV1KEYX62ESP,【小视频】148-喜欢你的笨,douyin,三颗痣,MS4wLjABAAAAXEJbLDTHADQJMBjgGVB_OyoTE6bYBQ3PpG0fx4_6P5r6WvfqBV77kQziz8PdKCmw,https://www.douyin.com/user/MS4wLjABAAAAXEJbLDTHADQJMBjgGVB_OyoTE6bYBQ3PpG0fx4_6P5r6WvfqBV77kQziz8PdKCmw,https://v.douyin.com/D7ODdWeFPmk/,7555828118738734396,2026-09-12,
BV19RYe6uEjA,【小视频】149-开始指挥哥的穿搭了,douyin,奶茶🧋,MS4wLjABAAAAoJo-6ShIzsz35wdlPcaY6PphAP6egzR40fMG504Ilq4wCbCHOTwxCHDti7DnH0j0,https://www.douyin.com/user/MS4wLjABAAAAoJo-6ShIzsz35wdlPcaY6PphAP6egzR40fMG504Ilq4wCbCHOTwxCHDti7DnH0j0,https://v.douyin.com/s2DHFhvXYa8/,7684597037703152741,2026-09-13,
BV1iXYi6EEsy,【小视频】150-红衫收不住的肌肉,x,イケメンch,1775868485618556928,https://x.com/IK_ch11,https://x.com/IK_ch11/status/2099091470313738299,2099091470313738299,2026-09-13,
BV1A3Yy6JEYL,【小视频】150-谁来擦一下镜子,douyin,伍六七柒,MS4wLjABAAAAvlX_9jC2Cdr7vkg4yp8uKh9vrufQmSnye6ET_V399_s,https://www.douyin.com/user/MS4wLjABAAAAvlX_9jC2Cdr7vkg4yp8uKh9vrufQmSnye6ET_V399_s,https://v.douyin.com/sxgno8RGNF0/,7685026173235565989,2026-09-14,
BV1W3Yy6JEph,【小视频】151-192cm的top,douyin,,,,https://v.douyin.com/r3vMTnGf7k4/,,2026-09-14,parse失败 404
BV1j9eH6LEC4,【小视频】152-深夜街头的黑T少年,x,海川一屿,2031473323306266626,https://x.com/iKateCloud,https://x.com/iKateCloud/status/2099837192126570754,2099837192126570754,2026-09-15,
BV17QeH62Exq,【小视频】153-被子里藏着的薄肌,douyin,木木夕栗,MS4wLjABAAAANJqgc7nmNUrL0Xbq1G6gwBVEacrRBTZ-RF4iIWpOW2c,https://www.douyin.com/user/MS4wLjABAAAANJqgc7nmNUrL0Xbq1G6gwBVEacrRBTZ-RF4iIWpOW2c,https://v.douyin.com/bjn1YNJ1snk/,7671614678158129017,2026-09-15,
BV1CEeF6fEzT,【小视频】154-男大180体育生,douyin,炎消要,MS4wLjABAAAAqftd-dhRNWycvbKyuhIc2SblgitVyme6cNIIwr72q98,https://www.douyin.com/user/MS4wLjABAAAAqftd-dhRNWycvbKyuhIc2SblgitVyme6cNIIwr72q98,https://v.douyin.com/rH5rpDdPnDk/,7685778938174472805,2026-09-16,
BV12JeP6yEQr,【小视频】155-看脸还是看身材,douyin,,,,https://v.douyin.com/upY7y1YymUI/,,2026-09-16,parse失败 404
BV1xLe36hEUL,【小视频】156-身上茉莉花的香,douyin,飞天小象.,MS4wLjABAAAAO_yiG7AOkmtm_rfhDZQ6TTYNm1qExtS4B86cg1lOcZ8,https://www.douyin.com/user/MS4wLjABAAAAO_yiG7AOkmtm_rfhDZQ6TTYNm1qExtS4B86cg1lOcZ8,https://v.douyin.com/NERmPC1YiNI/,7685386604928049523,2026-09-17,
BV1Lkem6UEu3,【小视频】157-自己的身材自己练,douyin,杨锶铎,MS4wLjABAAAA3FMfRADFENq09BpibbaoPTbuGXYyhzGv5JFg4lrownA,https://www.douyin.com/user/MS4wLjABAAAA3FMfRADFENq09BpibbaoPTbuGXYyhzGv5JFg4lrownA,https://v.douyin.com/7DppjrIvets/,7685434702605342193,2026-09-18,
BV12Jem6eE5X,【小视频】158-夜晚健身后的薄肌,douyin,斜方肌大王（啥都接）,MS4wLjABAAAAvWTsK9WyN_BEiyODeu1xNIgynwB7Sj_7-0BxbD1JkVOSuXZjeWszlSfJisLX3koe,https://www.douyin.com/user/MS4wLjABAAAAvWTsK9WyN_BEiyODeu1xNIgynwB7Sj_7-0BxbD1JkVOSuXZjeWszlSfJisLX3koe,https://v.douyin.com/Jx96xu41dcA/,7686430394845481636,2026-09-18,
BV1tqe26PEpm,【小视频】159-夜车里的小帅哥,douyin,shanglin,MS4wLjABAAAAlUjirvRZFk-TfbIxbVRqZFCzC9X2s87_T9zrPy9qhmtSVI26mauB3F3fjTDPiiPc,https://www.douyin.com/user/MS4wLjABAAAAlUjirvRZFk-TfbIxbVRqZFCzC9X2s87_T9zrPy9qhmtSVI26mauB3F3fjTDPiiPc,https://v.douyin.com/Thsxav3Em5M/,7686288999828940785,2026-09-18,
BV1zBeS6FEkn,【小视频】160-健身房偶遇的清冷薄肌,x,The Healthy Upgrade | สุขภาพดีทุกวัน,1065292938828103680,https://x.com/hotguysTH,https://x.com/hotguysTH/status/2100913485488263353,2100913485488263353,2026-09-18,
BV1SveU6GECf,【小视频】161-浴室里的白T肌肉腿,x,帅哥来这里,1632423452270526464,https://x.com/meitianyigen,https://x.com/meitianyigen/status/2100964778898559151,2100964778898559151,2026-09-18,
BV1SveU6GEeg,【小视频】162-少年感的秘诀是干净,douyin,HGXIN-,MS4wLjABAAAA-SS5x1Vw1aMyjY0cYn8D1MeG5jhr4ys-SE6VByg0leQ,https://www.douyin.com/user/MS4wLjABAAAA-SS5x1Vw1aMyjY0cYn8D1MeG5jhr4ys-SE6VByg0leQ,https://v.douyin.com/OaN4crzXaBQ/,7503856576786287932,2026-09-18,
BV1TzeU66ERw,【小视频】163-赖床打游戏的腹肌少年,x,대서¹⁴³,1844725653549314048,https://x.com/biggestinwest,https://x.com/biggestinwest/status/2021105042720423957,2021105042720423957,2026-09-18,
BV1UzeU6zENo,【小视频】164-走廊里穿校服的男高,douyin,山景画,MS4wLjABAAAAl-WjRINgpFsRGOTncDEe053yEkI_iGsdjy_7QTiLfkI,https://www.douyin.com/user/MS4wLjABAAAAl-WjRINgpFsRGOTncDEe053yEkI_iGsdjy_7QTiLfkI,https://v.douyin.com/7MvyomXu0FU/,7319037253026647306,2026-09-18,
BV1UBeU6gEUQ,【小视频】161-浴室里的白T肌肉腿（换BGM重发，原音已去掉）,x,帅哥来这里,1632423452270526464,https://x.com/meitianyigen,https://x.com/meitianyigen/status/2100964778898559151,2100964778898559151,2026-09-18,
BV1Q8eU61E2w,【小视频】165-减脂进行中,douyin,George哇,MS4wLjABAAAARMOcqBrwBI9L1K0jjYK7rlj6zZGpIAHArUBNZBtAszs,https://www.douyin.com/user/MS4wLjABAAAARMOcqBrwBI9L1K0jjYK7rlj6zZGpIAHArUBNZBtAszs,https://v.douyin.com/Mw8gRmGH5uA/,7686784356015558578,2026-09-19,
BV199eQ6oEuS,【小视频】166-吃胖了,douyin,Ax💫,MS4wLjABAAAAXJH-6aLUQ3jq_1iEYg_ymcn7aCZaD81U7ZR2-P3WaBrnIIuEiJlVjTdpOKvKdOuo,https://www.douyin.com/user/MS4wLjABAAAAXJH-6aLUQ3jq_1iEYg_ymcn7aCZaD81U7ZR2-P3WaBrnIIuEiJlVjTdpOKvKdOuo,https://v.douyin.com/U5wjUJLRGcA/,7684473788977124322,2026-09-19,
BV1Nse466EsX,【小视频】167-国贸街拍,douyin,李不然,MS4wLjABAAAAu7JAjWKskIYGT7XYKggbhp_L7Yu5yRqsZmqaJeNMnYk,https://www.douyin.com/user/MS4wLjABAAAAu7JAjWKskIYGT7XYKggbhp_L7Yu5yRqsZmqaJeNMnYk,https://v.douyin.com/MUH_ZE5C-r0/,7686867526420122890,2026-09-19,
BV13Eeh6cEdz,【小视频】168-巴士上的少年,x,Azzila,72499210,https://x.com/azzila76,https://x.com/azzila76/status/2101271422702362784,2101271422702362784,2026-09-19,
BV1Ske86RENe,【小视频】169-系泳帽的少年感,douyin,浪里看客Aqua,MS4wLjABAAAAk_LFQO7fFmzIiMoVBSqACCviguU9EVrv4_BWZxxl9qtJVNMRR0Fx6VNAy-7hHkBw,https://www.douyin.com/user/MS4wLjABAAAAk_LFQO7fFmzIiMoVBSqACCviguU9EVrv4_BWZxxl9qtJVNMRR0Fx6VNAy-7hHkBw,https://v.douyin.com/1zoxLUr-a6w/,7687232208050200805,2026-09-19,
BV1aie86fEcG,【小视频】170-宿舍里的腹肌少年,douyin,Knecht,MS4wLjABAAAAWK5sC7dCx_hgDlnEjuaETXCHZy-c4RJZzVgVYy7xpxN6XHV7kRG42oj8gdPbwo09,https://www.douyin.com/user/MS4wLjABAAAAWK5sC7dCx_hgDlnEjuaETXCHZy-c4RJZzVgVYy7xpxN6XHV7kRG42oj8gdPbwo09,https://v.douyin.com/iq41pYWyrVc/,7686473760240909120,2026-09-19,
BV1aie86fEaz,【小视频】171-练舞练累了,douyin,dontcry,MS4wLjABAAAA7zG9eBsyT7g9Jhg4ok2UZaGzohNXfGriSCmu-uvZuCR7UU1ql4p6ZYX8GS4ziWW4,https://www.douyin.com/user/MS4wLjABAAAA7zG9eBsyT7g9Jhg4ok2UZaGzohNXfGriSCmu-uvZuCR7UU1ql4p6ZYX8GS4ziWW4,https://v.douyin.com/L4shPN4z9AE/,7678367313410634737,2026-09-19,
BV1goeB6EEDp,【小视频】172-男大的手势舞,douyin,鸡蛋鸭蛋荷包蛋,MS4wLjABAAAAGsYGzxsHvJOtuhZDh3Z8HoZmoDG7Qmq-oAaqWIdGVVw,https://www.douyin.com/user/MS4wLjABAAAAGsYGzxsHvJOtuhZDh3Z8HoZmoDG7Qmq-oAaqWIdGVVw,https://v.douyin.com/1qfaiRWWN5E/,7687549089978293339,2026-09-20,
BV1TKha6EE6c,【小视频】174-门框下拉杆的薄肌少年,x,reenn,2096867409948995584,https://x.com/miguellaizb,https://x.com/miguellaizb/status/2101670537080836284,2101670537080836284,2026-09-20,
BV1Zdhq6EE4H,【小视频】173-更衣室没人就臭美一下,douyin,,,,https://v.douyin.com/7687617779851208138,,2026-09-21,parse失败 400
BV1hzhC6WEwH,【小视频】174-如果能成为猫就好了,douyin,银河里很多猫,MS4wLjABAAAAXvUYXzOFHqMjHkqe3ZGUkV-25ZyuwNcx---ZA5W0qkA,https://www.douyin.com/user/MS4wLjABAAAAXvUYXzOFHqMjHkqe3ZGUkV-25ZyuwNcx---ZA5W0qkA,https://v.douyin.com/SG77ds-oCuQ/,7686439500931734450,2026-09-22,
BV12WhJ6jEbu,【小视频】175-肌肉与纹身,douyin,飞天小象.,MS4wLjABAAAAO_yiG7AOkmtm_rfhDZQ6TTYNm1qExtS4B86cg1lOcZ8,https://www.douyin.com/user/MS4wLjABAAAAO_yiG7AOkmtm_rfhDZQ6TTYNm1qExtS4B86cg1lOcZ8,https://v.douyin.com/FCDNtdwKmQg/,7679836222303056294,2026-09-22,
BV15shE6oEsf,【小视频】176-不要去理会是是与非非,douyin,,,,https://v.douyin.com/7674954801259885243,,2026-09-22,parse失败 400
BV1MzhE67EMK,【小视频】177-舞台上的短裤直拍,x,넝,1528691517233061894,https://x.com/kukuu214,https://x.com/kukuu214/status/1816106884153368739,1816106884153368739,2026-09-22,
BV1UqhE6UEDQ,【小视频】178-刚做完饭,x,cici,1829168281594540035,https://x.com/cicicixc,https://x.com/cicicixc/status/2101903715204747752,2101903715204747752,2026-09-22,
BV13YhE6HEg6,【小视频】179-健身房的肌肉少年,x,pllowo,2033910514212814849,https://x.com/Dndn6mpx,https://x.com/Dndn6mpx/status/2102245962484003250,2102245962484003250,2026-09-22,
BV17Whn6KEuY,【小视频】180-腹肌自拍,x,PC,1035358840152154112,https://x.com/PCaster_,https://x.com/PCaster_/status/2101479072463552542,2101479072463552542,2026-09-22,
BV1buhs6wE7x,【小视频】180-腹肌自拍（换BGM重发：原X视频音轨为空，配抖音BGM《@等天晴创作的原声》）,x,PC,1035358840152154112,https://x.com/PCaster_,https://x.com/PCaster_/status/2101479072463552542,2101479072463552542,2026-09-23,
BV13Dhb6SE7h,【小视频】182-清华男生的恋爱平衡游戏,youtube,번역동아리 청춘,UCq71tO8yLC65iNeIk0-p-WQ,https://www.youtube.com/@pekin_chengchun,https://youtube.com/shorts/ELAapZKBltI,ELAapZKBltI,2026-09-23,
BV1jmaN6tEn4,【小视频】183-花滑男生的训练服,douyin,小韩想吃好吃的,MS4wLjABAAAA1PzJpp345jFMs4k5JLu8jUXH2KOb0BEkdIPUn5av_6QVo0LfdHea59XnwPG-iphW,https://www.douyin.com/user/MS4wLjABAAAA1PzJpp345jFMs4k5JLu8jUXH2KOb0BEkdIPUn5av_6QVo0LfdHea59XnwPG-iphW,https://v.douyin.com/bu3LV7jxeOQ/,7689008600379545971,2026-09-24,
BV13ZaN6DEE2,【小视频】184-一起逛超市吗,douyin,今天学习了吗,MS4wLjABAAAArvpBZffJB2KJiITOfItLqy-qh2M6yhHkXN0y8nqnPKs,https://www.douyin.com/user/MS4wLjABAAAArvpBZffJB2KJiITOfItLqy-qh2M6yhHkXN0y8nqnPKs,https://v.douyin.com/4JuBjBGBLds/,7687860902158879717,2026-09-24,
BV1CDaP6iEKg,【小视频】185-洗澡后的自拍,x,dys3qk,,https://x.com/dys3qk,https://x.com/dys3qk/status/2103100051392487811,2103100051392487811,2026-09-24,
BV1xaaT6jEVZ,【小视频】186-黑皮腹肌自拍,x,cici,1829168281594540035,https://x.com/cicicixc,https://x.com/cicicixc/status/2103120913839628535,2103120913839628535,2026-09-24,
BV18paT6pE7Y,【小视频】187-镜子里藏不住的身材,x,南知意,1392471033521840132,https://x.com/o88oio,https://x.com/o88oio/status/2103009445517390208,2103009445517390208,2026-09-24,
BV1txaT6nEz3,【小视频】188-夜里的肌肉身材,youtube,同志夫夫Gay日常,UCT085LeH4S_hpS1CgDdpZNA,https://www.youtube.com/@handsomegaychannel,https://www.youtube.com/shorts/3cnwd1LGp4E,3cnwd1LGp4E,2026-09-24,
BV1Q6aM6fEHE,【小视频】189-夜街上带台湾腔的帅哥,youtube,同志夫夫Gay日常,UCT085LeH4S_hpS1CgDdpZNA,https://www.youtube.com/@handsomegaychannel,https://www.youtube.com/shorts/A1_82koZZ8o,A1_82koZZ8o,2026-09-24,
BV1PjaM6jEuo,【小视频】190-室友洗澡前的三个阶段,youtube,同志夫夫Gay日常,UCT085LeH4S_hpS1CgDdpZNA,https://www.youtube.com/@handsomegaychannel,https://youtube.com/shorts/qYDtearaxnY,qYDtearaxnY,2026-09-24,
